{
    "model": "naive_baseline_most_frequent",
    "accuracy": 0.5087164455414995,
    "precision": 0.5087164455414995,
    "recall": 1.0,
    "f1_score": 0.6743698553095762
}