{
    "Logistic Regression": {
        "accuracy": {
            "mean": 0.7248379702420882,
            "std": 0.0032623965689720334
        },
        "precision": {
            "mean": 0.746488640469026,
            "std": 0.0039033681555081827
        },
        "recall": {
            "mean": 0.6952285989236545,
            "std": 0.004016378795724044
        },
        "f1": {
            "mean": 0.7199407532187877,
            "std": 0.0033189804852414486
        }
    },
    "SVM (Linear)": {
        "accuracy": {
            "mean": 0.7248572696723956,
            "std": 0.0037188729310512606
        },
        "precision": {
            "mean": 0.744449751557672,
            "std": 0.00434932390138641
        },
        "recall": {
            "mean": 0.6991733951441003,
            "std": 0.004497325668188024
        },
        "f1": {
            "mean": 0.7210940320624796,
            "std": 0.003770819776030063
        }
    },
    "XGBoost": {
        "accuracy": {
            "mean": 0.731089916987874,
            "std": 0.0039524527019104425
        },
        "precision": {
            "mean": 0.7569745886135253,
            "std": 0.006630131702551808
        },
        "recall": {
            "mean": 0.6944703196373313,
            "std": 0.008676769074643202
        },
        "f1": {
            "mean": 0.724318526744782,
            "std": 0.004419857917940613
        }
    }
}