{
    "Logistic Regression": {
        "accuracy": {
            "mean": 0.7245716265606782,
            "std": 0.0002667071970178973
        },
        "precision": {
            "mean": 0.7459918656673762,
            "std": 0.0003684382426297636
        },
        "recall": {
            "mean": 0.6953725516970669,
            "std": 0.00019892523822073456
        },
        "f1": {
            "mean": 0.7197826942603727,
            "std": 0.00023013172380602993
        }
    },
    "SVM (Linear)": {
        "accuracy": {
            "mean": 0.7241702658074827,
            "std": 0.00034400700338152034
        },
        "precision": {
            "mean": 0.7436945554702905,
            "std": 0.00041639131512986166
        },
        "recall": {
            "mean": 0.6985625140471386,
            "std": 0.00029078927568056866
        },
        "f1": {
            "mean": 0.7204115952411525,
            "std": 0.0003236732605358216
        }
    },
    "XGBoost": {
        "accuracy": {
            "mean": 0.7312635223080078,
            "std": 0.0003754624912542091
        },
        "precision": {
            "mean": 0.7569358328339805,
            "std": 0.0007169334782093297
        },
        "recall": {
            "mean": 0.6949212791881912,
            "std": 0.0005645269576908658
        },
        "f1": {
            "mean": 0.7245838474266943,
            "std": 0.00029770581953531884
        }
    }
}