{
    "model": "svm_tuned",
    "best_params": {
        "svm__C": 1,
        "svm__penalty": "l2"
    },
    "metrics": {
        "accuracy": 0.7189935941961874,
        "precision": 0.7398796943586409,
        "recall": 0.6903822815533981,
        "f1_score": 0.7142745036490622
    }
}